{
  "weights": [
    -0.028003254001141217,
    -0.1135256051405935,
    -0.019010878379734576,
    0.021622191837061232,
    -0.016054211572714194,
    0.008079981534129132,
    0.10476126157851935,
    -0.052419960854375315,
    0.7309430211012092
  ],
  "bias": -0.8645099552233827,
  "n_features": 9,
  "threshold": 0.5
}