{
  "weights": [
    -0.028328826386519422,
    -0.113172920580768,
    -0.018525305140680712,
    0.02147398780811984,
    -0.016121320576235294,
    0.008287323372997063,
    0.10524104879540386,
    -0.05263648764493805,
    0.7307483540319774
  ],
  "bias": -0.8650360099725914,
  "n_features": 9,
  "threshold": 0.5
}