{
  "Mean": [
    11.292662465565511,
    41.8426864262212,
    -87.67113984624586,
    13.091510300981195,
    3.0373053827887464,
    6.535003650778941,
    0.3758562508005447,
    1.9872553284550034,
    0.1732141139054835
  ],
  "Std": [
    6.964688944287797,
    0.08644785736493309,
    0.059047859189436856,
    6.751607945901427,
    1.9931201579246633,
    3.348163830089256,
    0.48434319396569375,
    2.7025745303699518,
    0.3784322722173841
  ]
}